file,electric,lightning,nuclear,temporal
campione_1_lightning_neutron\arxiv_1802.06605.json,0,0,0,0
campione_1_lightning_neutron\arxiv_1805.04721.json,0,1,0,0
campione_1_lightning_neutron\arxiv_1805.10504.json,0,0,0,0
campione_1_lightning_neutron\arxiv_1808.08865.json,0,0,0,0
campione_1_lightning_neutron\arxiv_1809.04181.json,0,0,0,0
campione_1_lightning_neutron\arxiv_1810.02778.json,0,0,0,0
campione_1_lightning_neutron\arxiv_1810.03853.json,0,1,1,0
campione_1_lightning_neutron\arxiv_1810.03959.json,0,0,0,0
campione_1_lightning_neutron\arxiv_1812.07831.json,0,0,0,0
campione_1_lightning_neutron\arxiv_1812.08535.json,0,0,0,0
campione_1_lightning_neutron\arxiv_1903.01492.json,1,0,0,0
campione_1_lightning_neutron\arxiv_1903.03131.json,0,0,0,0
campione_1_lightning_neutron\arxiv_1906.05048.json,0,0,0,0
campione_1_lightning_neutron\arxiv_1906.10452.json,0,0,1,0
campione_1_lightning_neutron\arxiv_1908.02730.json,0,0,0,0
campione_1_lightning_neutron\arxiv_1911.08309.json,0,0,0,0
campione_1_lightning_neutron\arxiv_1912.07881.json,0,0,0,0
campione_1_lightning_neutron\arxiv_2004.09758.json,0,0,0,1
campione_1_lightning_neutron\arxiv_2007.06079.json,0,0,0,0
campione_1_lightning_neutron\arxiv_2009.07307.json,0,0,2,0
campione_1_lightning_neutron\arxiv_2009.08108.json,0,0,0,0
campione_1_lightning_neutron\arxiv_2012.01376.json,0,0,0,0
campione_1_lightning_neutron\arxiv_2012.07193.json,0,0,1,0
campione_1_lightning_neutron\arxiv_2105.13519.json,0,0,0,0
campione_1_lightning_neutron\arxiv_2108.02020.json,0,0,0,0
campione_1_lightning_neutron\arxiv_2108.13900.json,0,0,0,0
campione_1_lightning_neutron\arxiv_2201.10134.json,0,0,2,0
campione_1_lightning_neutron\arxiv_2203.00535.json,0,0,0,0
campione_1_lightning_neutron\arxiv_2206.12299.json,0,0,0,0
campione_1_lightning_neutron\arxiv_2210.07687.json,0,0,0,0
campione_1_lightning_neutron\arxiv_2211.00025.json,0,0,0,0
campione_1_lightning_neutron\arxiv_2211.04626.json,0,0,1,0
campione_1_lightning_neutron\arxiv_2211.09688.json,0,0,1,0
campione_1_lightning_neutron\arxiv_2306.04036.json,0,0,0,0
campione_1_lightning_neutron\arxiv_2308.12812.json,0,0,0,0
campione_1_lightning_neutron\arxiv_2308.15240.json,0,0,0,0
campione_1_lightning_neutron\arxiv_2310.15490.json,0,0,0,0
campione_1_lightning_neutron\arxiv_2403.15513.json,0,0,0,0
campione_1_lightning_neutron\arxiv_2406.16159.json,0,0,0,0
campione_1_lightning_neutron\arxiv_2407.06311.json,0,0,0,0
campione_1_lightning_neutron\arxiv_2412.01906.json,0,0,0,0
campione_1_lightning_neutron\arxiv_2505.16269.json,0,0,0,0
campione_1_lightning_neutron\arxiv_2506.07941.json,0,0,0,0
campione_1_lightning_neutron\arxiv_2507.16250.json,1,0,0,0
campione_1_lightning_neutron\arxiv_2508.21533.json,0,0,0,0
campione_1_lightning_neutron\arxiv_2511.14561.json,0,0,0,0
campione_1_lightning_neutron\arxiv_2512.07859.json,0,0,1,0
campione_1_lightning_neutron\arxiv_2601.17234.json,0,0,0,0
campione_1_lightning_neutron\arxiv_2601.19289.json,0,0,0,0
campione_1_lightning_neutron\arxiv_2604.14385.json,0,0,0,0
campione_1_lightning_neutron\arxiv_2605.28716.json,0,0,0,0
campione_1_lightning_neutron\arxiv_2605.28718.json,0,0,1,0
campione_1_lightning_neutron\arxiv_2605.28727.json,0,0,1,0
campione_1_lightning_neutron\arxiv_2605.28783.json,0,0,1,0
campione_1_lightning_neutron\arxiv_2605.28821.json,0,0,0,0
campione_1_lightning_neutron\arxiv_2605.28944.json,0,0,0,0
campione_1_lightning_neutron\arxiv_2605.28972.json,0,0,2,0
campione_1_lightning_neutron\arxiv_2605.29187.json,0,0,1,0
campione_1_lightning_neutron\arxiv_2605.29349.json,0,0,0,0
campione_1_lightning_neutron\arxiv_2605.29404.json,0,0,0,0
campione_1_lightning_neutron\arxiv_2605.29542.json,0,0,1,0
campione_1_lightning_neutron\arxiv_2605.29778.json,0,0,0,0
campione_1_lightning_neutron\arxiv_2605.30025.json,0,0,0,1
campione_1_lightning_neutron\arxiv_2605.30430.json,0,0,1,0
campione_1_lightning_neutron\arxiv_2605.30548.json,0,0,1,0
campione_1_lightning_neutron\arxiv_2605.30554.json,0,0,1,0
campione_1_lightning_neutron\arxiv_2605.30669.json,0,0,0,0
campione_1_lightning_neutron\arxiv_2605.30796.json,0,1,0,0
campione_1_lightning_neutron\arxiv_2605.30828.json,0,0,0,0
campione_1_lightning_neutron\arxiv_2605.31198.json,0,0,1,0
campione_1_lightning_neutron\arxiv_2605.31259.json,1,0,1,0
campione_1_lightning_neutron\arxiv_2605.31290.json,0,0,0,0
campione_1_lightning_neutron\arxiv_2605.31382.json,0,0,1,0
campione_1_lightning_neutron\arxiv_2605.31395.json,0,0,0,0
campione_1_lightning_neutron\arxiv_2606.00745.json,0,0,0,0
campione_1_lightning_neutron\arxiv_2606.00810.json,0,0,1,0
campione_1_lightning_neutron\arxiv_2606.00907.json,0,0,0,0
campione_1_lightning_neutron\arxiv_2606.00943.json,0,0,0,0
campione_1_lightning_neutron\arxiv_2606.01253.json,0,0,0,0
campione_1_lightning_neutron\arxiv_2606.01625.json,0,0,0,0
campione_1_lightning_neutron\arxiv_2606.02032.json,0,0,0,0
campione_1_lightning_neutron\arxiv_2606.02190.json,0,0,0,0
campione_1_lightning_neutron\arxiv_2606.02266.json,0,0,0,0
campione_1_lightning_neutron\arxiv_2606.02527.json,0,0,0,0
campione_1_lightning_neutron\arxiv_2606.02690.json,0,0,0,0
campione_1_lightning_neutron\arxiv_2606.02828.json,0,0,1,0
campione_1_lightning_neutron\arxiv_2606.02923.json,0,0,0,0
campione_1_lightning_neutron\arxiv_2606.02932.json,0,0,1,0
campione_1_lightning_neutron\arxiv_2606.02966.json,0,0,1,0
campione_1_lightning_neutron\arxiv_2606.03174.json,0,0,0,0
campione_1_lightning_neutron\arxiv_2606.03316.json,0,0,0,0
campione_1_lightning_neutron\arxiv_2606.03440.json,1,0,1,0
campione_1_lightning_neutron\arxiv_2606.03525.json,0,0,0,0
campione_1_lightning_neutron\arxiv_2606.03586.json,0,0,1,0
campione_1_lightning_neutron\arxiv_2606.03633.json,0,0,0,0
campione_1_lightning_neutron\arxiv_2606.03673.json,0,1,0,0
campione_1_lightning_neutron\arxiv_2606.03707.json,0,0,0,0
campione_1_lightning_neutron\arxiv_2606.03720.json,0,0,0,0
campione_1_lightning_neutron\arxiv_2606.03760.json,0,0,1,0
campione_1_lightning_neutron\arxiv_2606.03993.json,0,0,0,0
campione_1_lightning_neutron\arxiv_2606.04033.json,0,0,0,0
campione_1_lightning_neutron\arxiv_2606.04216.json,0,0,0,0
campione_1_lightning_neutron\arxiv_2606.04304.json,0,0,0,0
campione_1_lightning_neutron\arxiv_2606.04567.json,0,0,1,0
campione_1_lightning_neutron\arxiv_2606.04606.json,0,0,0,0
campione_1_lightning_neutron\arxiv_2606.04664.json,0,0,0,0
campione_1_lightning_neutron\arxiv_2606.04810.json,0,0,1,0
campione_1_lightning_neutron\arxiv_2606.05007.json,0,0,0,0
campione_1_lightning_neutron\arxiv_2606.05082.json,0,0,1,0
campione_1_lightning_neutron\arxiv_2606.05154.json,0,0,0,0
campione_1_lightning_neutron\arxiv_2606.05322.json,0,0,0,0
campione_1_lightning_neutron\arxiv_2606.05469.json,0,0,0,0
campione_1_lightning_neutron\arxiv_2606.05643.json,0,0,1,1
campione_1_lightning_neutron\arxiv_2606.06279.json,0,0,0,0
campione_1_lightning_neutron\arxiv_2606.06319.json,0,0,0,0
campione_1_lightning_neutron\arxiv_2606.06371.json,0,0,1,0
campione_1_lightning_neutron\arxiv_2606.06376.json,0,0,1,0
campione_1_lightning_neutron\arxiv_2606.06378.json,0,0,1,0
campione_1_lightning_neutron\arxiv_2606.06430.json,0,0,0,0
campione_1_lightning_neutron\arxiv_2606.06580.json,0,0,0,0
campione_1_lightning_neutron\arxiv_2606.06678.json,1,0,0,0
campione_1_lightning_neutron\arxiv_2606.06706.json,0,0,1,0
campione_1_lightning_neutron\arxiv_2606.07137.json,0,0,0,0
campione_1_lightning_neutron\arxiv_2606.07371.json,0,0,0,0
campione_1_lightning_neutron\arxiv_2606.07465.json,0,0,1,0
campione_1_lightning_neutron\arxiv_2606.07679.json,0,0,0,0
campione_1_lightning_neutron\arxiv_2606.07731.json,0,0,1,0
campione_1_lightning_neutron\arxiv_2606.07742.json,0,0,1,0
campione_1_lightning_neutron\arxiv_2606.07754.json,0,0,0,0
campione_1_lightning_neutron\arxiv_2606.07827.json,0,0,0,0
campione_1_lightning_neutron\arxiv_2606.07905.json,0,0,2,0
campione_1_lightning_neutron\arxiv_2606.08023.json,0,0,1,0
campione_1_lightning_neutron\arxiv_2606.08250.json,0,0,1,0
campione_1_lightning_neutron\arxiv_2606.08487.json,0,0,0,0
campione_1_lightning_neutron\arxiv_2606.08522.json,0,0,1,0
campione_1_lightning_neutron\arxiv_2606.08598.json,0,0,0,0
campione_1_lightning_neutron\arxiv_2606.08628.json,0,0,1,0
campione_1_lightning_neutron\arxiv_2606.08899.json,0,0,0,0
campione_1_lightning_neutron\arxiv_2606.08968.json,0,0,1,0
campione_1_lightning_neutron\arxiv_2606.09079.json,0,1,0,0
campione_1_lightning_neutron\arxiv_2606.09247.json,0,0,1,0
campione_1_lightning_neutron\arxiv_2606.09341.json,0,0,0,0
campione_1_lightning_neutron\arxiv_2606.09352.json,0,0,0,0
campione_1_lightning_neutron\arxiv_2606.09417.json,0,0,0,0
campione_1_lightning_neutron\arxiv_2606.09579.json,0,0,0,0
campione_1_lightning_neutron\arxiv_2606.09621.json,0,0,1,0
campione_1_lightning_neutron\arxiv_2606.09628.json,0,0,0,0
campione_1_lightning_neutron\arxiv_2606.09656.json,0,0,0,0
campione_1_lightning_neutron\arxiv_2606.09786.json,0,0,1,0
campione_1_lightning_neutron\arxiv_2606.09823.json,0,0,0,0
campione_1_lightning_neutron\figshare_28988552.json,1,1,0,0
campione_1_lightning_neutron\figshare_31968378.json,1,1,0,0
campione_1_lightning_neutron\nasa_ads_11649614.json,0,0,4,0
campione_1_lightning_neutron\nasa_ads_1316150.json,0,0,0,0
campione_1_lightning_neutron\nasa_ads_13306238.json,0,0,5,1
campione_1_lightning_neutron\nasa_ads_1413964.json,0,0,3,0
campione_1_lightning_neutron\nasa_ads_1415579.json,0,0,3,0
campione_1_lightning_neutron\nasa_ads_1470537.json,0,0,1,0
campione_1_lightning_neutron\nasa_ads_1531559.json,0,0,2,0
campione_1_lightning_neutron\nasa_ads_1579058.json,0,0,0,0
campione_1_lightning_neutron\nasa_ads_17812230.json,0,0,1,1
campione_1_lightning_neutron\nasa_ads_17812244.json,0,0,3,0
campione_1_lightning_neutron\nasa_ads_1838226.json,1,0,6,0
campione_1_lightning_neutron\nasa_ads_1858324.json,0,0,1,0
campione_1_lightning_neutron\nasa_ads_20616874.json,0,0,2,0
campione_1_lightning_neutron\nasa_ads_26649474.json,0,0,1,0
campione_1_lightning_neutron\nasa_ads_402863.json,0,0,1,0
campione_1_lightning_neutron\source_noaa_opendata_fallback_0.json,3,1,7,0
campione_1_lightning_neutron\source_noaa_opendata_fallback_1.json,2,3,2,2
campione_1_lightning_neutron\source_noaa_opendata_fallback_2.json,1,2,5,2
campione_1_lightning_neutron\source_openaire_fallback_0.json,0,2,5,1
campione_1_lightning_neutron\source_openaire_fallback_1.json,2,3,2,2
campione_1_lightning_neutron\source_openaire_fallback_2.json,1,2,0,3
campione_2_tgf\arxiv_1009.5544.json,0,0,2,0
campione_2_tgf\arxiv_1101.3697.json,0,0,1,0
campione_2_tgf\arxiv_1102.4024.json,0,0,1,1
campione_2_tgf\arxiv_1111.2188.json,0,0,1,0
campione_2_tgf\arxiv_1112.2865.json,0,0,2,0
campione_2_tgf\arxiv_1202.4879.json,0,0,1,0
campione_2_tgf\arxiv_1301.5506.json,0,0,1,0
campione_2_tgf\arxiv_1312.5737.json,0,0,1,0
campione_2_tgf\arxiv_1505.02961.json,0,0,2,0
campione_2_tgf\arxiv_1505.02971.json,0,0,2,1
campione_2_tgf\arxiv_1506.07072.json,0,0,0,0
campione_2_tgf\arxiv_1601.07474.json,0,0,0,0
campione_2_tgf\arxiv_1605.05465.json,0,0,1,0
campione_2_tgf\arxiv_1605.05529.json,0,0,1,0
campione_2_tgf\arxiv_1605.07481.json,0,0,0,0
campione_2_tgf\arxiv_1605.07771.json,0,0,0,0
campione_2_tgf\arxiv_1605.07886.json,0,0,1,0
campione_2_tgf\arxiv_1605.08205.json,0,0,1,0
campione_2_tgf\arxiv_1607.04511.json,0,0,0,0
campione_2_tgf\arxiv_1701.00105.json,0,0,0,0
campione_2_tgf\arxiv_1705.06258.json,0,1,1,0
campione_2_tgf\arxiv_1708.06406.json,0,0,1,0
campione_2_tgf\arxiv_1708.07315.json,2,1,0,0
campione_2_tgf\arxiv_1708.07322.json,0,1,1,0
campione_2_tgf\arxiv_1711.08044.json,0,1,0,0
campione_2_tgf\arxiv_1802.06605.json,0,0,0,0
campione_2_tgf\arxiv_1805.04721.json,0,1,0,0
campione_2_tgf\arxiv_1805.10504.json,0,0,0,0
campione_2_tgf\arxiv_1808.08865.json,0,0,0,0
campione_2_tgf\arxiv_1809.04181.json,0,0,0,0
campione_2_tgf\arxiv_1810.02778.json,0,0,0,0
campione_2_tgf\arxiv_1810.03853.json,0,1,1,0
campione_2_tgf\arxiv_1810.03959.json,0,0,0,0
campione_2_tgf\arxiv_1811.06212.json,0,0,0,0
campione_2_tgf\arxiv_1812.07831.json,0,0,0,0
campione_2_tgf\arxiv_1812.08535.json,0,0,0,0
campione_2_tgf\arxiv_1902.04325.json,0,0,0,0
campione_2_tgf\arxiv_1903.01492.json,1,0,0,0
campione_2_tgf\arxiv_1903.03131.json,0,0,0,0
campione_2_tgf\arxiv_1906.05048.json,0,0,0,0
campione_2_tgf\arxiv_1906.10452.json,0,0,1,0
campione_2_tgf\arxiv_1906.12178.json,0,0,0,0
campione_2_tgf\arxiv_1907.06239.json,0,0,1,0
campione_2_tgf\arxiv_1907.06842.json,0,0,1,0
campione_2_tgf\arxiv_1908.02730.json,0,0,0,0
campione_2_tgf\arxiv_1909.00339.json,0,0,1,0
campione_2_tgf\arxiv_1911.08309.json,0,0,0,0
campione_2_tgf\arxiv_1912.07881.json,0,0,0,0
campione_2_tgf\arxiv_2001.09759.json,0,1,1,0
campione_2_tgf\arxiv_2002.11460.json,0,0,0,0
campione_2_tgf\arxiv_2004.09758.json,0,0,0,1
campione_2_tgf\arxiv_2004.13416.json,0,0,0,0
campione_2_tgf\arxiv_2005.09278.json,0,1,0,0
campione_2_tgf\arxiv_2007.06079.json,0,0,0,0
campione_2_tgf\arxiv_2009.07307.json,0,0,2,0
campione_2_tgf\arxiv_2009.08108.json,0,0,0,0
campione_2_tgf\arxiv_2009.14327.json,0,0,1,0
campione_2_tgf\arxiv_2012.01376.json,0,0,0,0
campione_2_tgf\arxiv_2012.07193.json,0,0,1,0
campione_2_tgf\arxiv_2101.12256.json,0,0,0,0
campione_2_tgf\arxiv_2102.08104.json,1,0,1,0
campione_2_tgf\arxiv_2102.08697.json,0,0,0,0
campione_2_tgf\arxiv_2105.13519.json,0,0,0,0
campione_2_tgf\arxiv_2107.04272.json,0,0,1,0
campione_2_tgf\arxiv_2108.02020.json,0,0,0,0
campione_2_tgf\arxiv_2108.11108.json,0,0,1,0
campione_2_tgf\arxiv_2108.13900.json,0,0,0,0
campione_2_tgf\arxiv_2112.08004.json,0,0,0,0
campione_2_tgf\arxiv_2201.10134.json,0,0,2,0
campione_2_tgf\arxiv_2201.13220.json,0,0,0,0
campione_2_tgf\arxiv_2202.13106.json,0,0,1,0
campione_2_tgf\arxiv_2203.00535.json,0,0,0,0
campione_2_tgf\arxiv_2203.08160.json,0,0,0,0
campione_2_tgf\arxiv_2205.05115.json,0,1,1,0
campione_2_tgf\arxiv_2206.00741.json,0,0,0,0
campione_2_tgf\arxiv_2206.12299.json,0,0,0,0
campione_2_tgf\arxiv_2210.07687.json,0,0,0,0
campione_2_tgf\arxiv_2211.00025.json,0,0,0,0
campione_2_tgf\arxiv_2211.04626.json,0,0,1,0
campione_2_tgf\arxiv_2211.09688.json,0,0,1,0
campione_2_tgf\arxiv_2211.12052.json,0,0,0,0
campione_2_tgf\arxiv_2211.12055.json,0,0,0,0
campione_2_tgf\arxiv_2211.15570.json,0,0,0,0
campione_2_tgf\arxiv_2212.11413.json,0,0,1,0
campione_2_tgf\arxiv_2301.00416.json,1,0,0,0
campione_2_tgf\arxiv_2301.00542.json,0,0,0,0
campione_2_tgf\arxiv_2302.08321.json,0,0,2,0
campione_2_tgf\arxiv_2303.15936.json,0,0,0,0
campione_2_tgf\arxiv_2305.05434.json,0,0,1,0
campione_2_tgf\arxiv_2306.03059.json,0,0,0,0
campione_2_tgf\arxiv_2306.04036.json,0,0,0,0
campione_2_tgf\arxiv_2306.10255.json,0,0,1,0
campione_2_tgf\arxiv_2308.05662.json,0,0,1,0
campione_2_tgf\arxiv_2308.12812.json,0,0,0,0
campione_2_tgf\arxiv_2308.15240.json,0,0,0,0
campione_2_tgf\arxiv_2310.15490.json,0,0,0,0
campione_2_tgf\arxiv_2403.15513.json,0,0,0,0
campione_2_tgf\arxiv_2405.04836.json,0,0,1,0
campione_2_tgf\arxiv_2406.16159.json,0,0,0,0
campione_2_tgf\arxiv_2407.06311.json,0,0,0,0
campione_2_tgf\arxiv_2407.07155.json,0,0,1,0
campione_2_tgf\arxiv_2412.01906.json,0,0,0,0
campione_2_tgf\arxiv_2412.15972.json,0,1,0,0
campione_2_tgf\arxiv_2503.03161.json,0,0,1,0
campione_2_tgf\arxiv_2505.11324.json,0,0,0,0
campione_2_tgf\arxiv_2505.16269.json,0,0,0,0
campione_2_tgf\arxiv_2506.07941.json,0,0,0,0
campione_2_tgf\arxiv_2507.15669.json,0,0,1,0
campione_2_tgf\arxiv_2507.16250.json,1,0,0,0
campione_2_tgf\arxiv_2508.21533.json,0,0,0,0
campione_2_tgf\arxiv_2510.22412.json,0,0,1,0
campione_2_tgf\arxiv_2511.14561.json,0,0,0,0
campione_2_tgf\arxiv_2511.21723.json,0,0,2,0
campione_2_tgf\arxiv_2512.07859.json,0,0,1,0
campione_2_tgf\arxiv_2601.17234.json,0,0,0,0
campione_2_tgf\arxiv_2601.19289.json,0,0,0,0
campione_2_tgf\arxiv_2602.09544.json,0,0,0,0
campione_2_tgf\arxiv_2604.14385.json,0,0,0,0
campione_2_tgf\arxiv_2605.31554.json,0,0,1,0
campione_2_tgf\figshare_11833488.json,0,0,0,3
campione_2_tgf\figshare_12746531.json,0,0,10,0
campione_2_tgf\figshare_16803679.json,0,0,1,0
campione_2_tgf\figshare_27757926.json,0,0,0,0
campione_2_tgf\figshare_28759229.json,0,0,0,0
campione_2_tgf\nasa_ads_10020313.json,0,4,6,0
campione_2_tgf\nasa_ads_11795372.json,0,0,4,0
campione_2_tgf\nasa_ads_12466245.json,0,1,1,0
campione_2_tgf\nasa_ads_13408978.json,0,1,6,0
campione_2_tgf\nasa_ads_15117807.json,0,0,4,0
campione_2_tgf\nasa_ads_15599733.json,0,0,0,0
campione_2_tgf\nasa_ads_27066085.json,0,0,0,0
campione_2_tgf\nasa_ads_27364844.json,1,0,0,0
campione_2_tgf\nasa_ads_28270243.json,0,0,0,0
campione_2_tgf\nasa_ads_28394277.json,0,0,0,0
campione_2_tgf\nasa_ads_28688152.json,0,0,0,0
campione_2_tgf\nasa_ads_28914588.json,0,0,0,0
campione_2_tgf\nasa_ads_36649927.json,0,0,0,0
campione_2_tgf\nasa_ads_8148573.json,0,0,0,0
campione_2_tgf\nasa_ads_8680479.json,0,0,0,0
campione_2_tgf\source_noaa_opendata_fallback_0.json,1,2,3,2
campione_2_tgf\source_noaa_opendata_fallback_1.json,1,2,0,3
campione_2_tgf\source_noaa_opendata_fallback_2.json,1,3,3,0
campione_2_tgf\source_openaire_fallback_0.json,4,1,4,2
campione_2_tgf\source_openaire_fallback_1.json,3,0,7,2
campione_2_tgf\source_openaire_fallback_2.json,1,3,3,0
campione_2_tgf\zenodo_6782049_Fig_1.json,0,0,0,0
campione_2_tgf\zenodo_6782049_Fig_2.json,0,0,0,0
campione_2_tgf\zenodo_7730674_CMakeLists.json,0,0,0,0
campione_2_tgf\zenodo_7739117_12km_full_upward_Hits.json,0,0,0,0
campione_2_tgf\zenodo_7739117_20190725.nldn.json,0,0,0,0
campione_2_tgf\zenodo_7739117_6km_full_upward_Hits.json,0,0,0,0
campione_2_tgf\zenodo_7739117_8km_full_upward_Hits.json,0,0,0,0
campione_2_tgf\zenodo_7739117_joeAltdown_reverseonly_10.json,0,0,0,0
campione_2_tgf\zenodo_7739117_joeAltdown_reverseonly_6.json,0,0,0,0
campione_2_tgf\zenodo_7739117_joeAltdown_reverseonly_8.json,0,0,0,0
campione_2_tgf\zenodo_7739117_joeAltdown_reverseonly_9.json,0,0,0,0
campione_2_tgf\zenodo_7739117_joeupAlt_12.json,0,0,0,0
campione_2_tgf\zenodo_7739117_joeupAlt_6.json,0,0,0,0
campione_2_tgf\zenodo_7739117_joeupAlt_8.json,0,0,0,0
campione_2_tgf\zenodo_7739117_x1000_6km_reverseonly_Hits.json,0,0,0,0
campione_2_tgf\zenodo_7739117_x1000_8km_reverseonly_Hits.json,0,0,0,0
campione_2_tgf\zenodo_7739117_x1000_9km_reverseonly_Hits.json,0,0,0,0
campione_2_tgf\zenodo_7739117_x10_10km_reverseonly_Hits.json,0,0,0,0
campione_2_tgf\zenodo_8226529_Event1_gammas.json,0,0,0,0
campione_2_tgf\zenodo_8226529_Event2_gammas.json,0,0,0,0
campione_2_tgf\zenodo_8226529_Event3_gammas.json,0,0,0,0
campione_2_tgf\zenodo_8226529_entln_waveform_20180719T10112_MNZNL.json,0,0,0,0
campione_2_tgf\zenodo_8226529_entln_waveform_20210609T152521o165148_WNGRT.json,0,0,0,0
campione_2_tgf\zenodo_8226529_entln_waveform_20210609T174817o847036_BNNEY.json,0,0,0,0
campione_2_tgf\zenodo_8226529_entln_waveform_20210609T174817o847036_LRCAY_646_km.json,0,0,0,0
campione_2_tgf\zenodo_8226529_entln_waveform_20210609T174817o847036_ORA08_399_km.json,0,0,0,0
campione_2_tgf\zenodo_8226529_entln_waveform_20210609T174817o847036_PULIA_915_km.json,0,0,0,0
campione_2_tgf\zenodo_8226529_entln_waveform_20210609T174817o847036_RAMDE_279_km.json,0,0,0,0
campione_2_tgf\zenodo_8226529_entln_waveform_20210609T174817o847036_SACKS_805_km.json,0,0,0,0
campione_2_tgf\zenodo_8226529_entln_waveform_20210816T053815o309372_BNNEY.json,0,0,0,0
campione_2_tgf\zenodo_8226529_entln_waveform_20210816T053815o309372_ORA08.json,0,0,0,0
campione_3_neutron_burst_thunderstorm\arxiv_1802.06605.json,0,0,0,0
campione_3_neutron_burst_thunderstorm\arxiv_1805.04721.json,0,1,0,0
campione_3_neutron_burst_thunderstorm\arxiv_1805.10504.json,0,0,0,0
campione_3_neutron_burst_thunderstorm\arxiv_1808.08865.json,0,0,0,0
campione_3_neutron_burst_thunderstorm\arxiv_1809.04181.json,0,0,0,0
campione_3_neutron_burst_thunderstorm\arxiv_1810.02778.json,0,0,0,0
campione_3_neutron_burst_thunderstorm\arxiv_1810.03853.json,0,1,1,0
campione_3_neutron_burst_thunderstorm\arxiv_1810.03959.json,0,0,0,0
campione_3_neutron_burst_thunderstorm\arxiv_1812.07831.json,0,0,0,0
campione_3_neutron_burst_thunderstorm\arxiv_1812.08535.json,0,0,0,0
campione_3_neutron_burst_thunderstorm\arxiv_1903.01492.json,1,0,0,0
campione_3_neutron_burst_thunderstorm\arxiv_1903.03131.json,0,0,0,0
campione_3_neutron_burst_thunderstorm\arxiv_1906.05048.json,0,0,0,0
campione_3_neutron_burst_thunderstorm\arxiv_1906.10452.json,0,0,1,0
campione_3_neutron_burst_thunderstorm\arxiv_1908.02730.json,0,0,0,0
campione_3_neutron_burst_thunderstorm\arxiv_1911.08309.json,0,0,0,0
campione_3_neutron_burst_thunderstorm\arxiv_1912.07881.json,0,0,0,0
campione_3_neutron_burst_thunderstorm\arxiv_2004.09758.json,0,0,0,1
campione_3_neutron_burst_thunderstorm\arxiv_2007.06079.json,0,0,0,0
campione_3_neutron_burst_thunderstorm\arxiv_2009.07307.json,0,0,2,0
campione_3_neutron_burst_thunderstorm\arxiv_2009.08108.json,0,0,0,0
campione_3_neutron_burst_thunderstorm\arxiv_2012.01376.json,0,0,0,0
campione_3_neutron_burst_thunderstorm\arxiv_2012.07193.json,0,0,1,0
campione_3_neutron_burst_thunderstorm\arxiv_2105.13519.json,0,0,0,0
campione_3_neutron_burst_thunderstorm\arxiv_2108.02020.json,0,0,0,0
campione_3_neutron_burst_thunderstorm\arxiv_2108.13900.json,0,0,0,0
campione_3_neutron_burst_thunderstorm\arxiv_2201.10134.json,0,0,2,0
campione_3_neutron_burst_thunderstorm\arxiv_2203.00535.json,0,0,0,0
campione_3_neutron_burst_thunderstorm\arxiv_2206.12299.json,0,0,0,0
campione_3_neutron_burst_thunderstorm\arxiv_2210.07687.json,0,0,0,0
campione_3_neutron_burst_thunderstorm\arxiv_2211.00025.json,0,0,0,0
campione_3_neutron_burst_thunderstorm\arxiv_2211.04626.json,0,0,1,0
campione_3_neutron_burst_thunderstorm\arxiv_2211.09688.json,0,0,1,0
campione_3_neutron_burst_thunderstorm\arxiv_2306.04036.json,0,0,0,0
campione_3_neutron_burst_thunderstorm\arxiv_2308.12812.json,0,0,0,0
campione_3_neutron_burst_thunderstorm\arxiv_2308.15240.json,0,0,0,0
campione_3_neutron_burst_thunderstorm\arxiv_2310.15490.json,0,0,0,0
campione_3_neutron_burst_thunderstorm\arxiv_2403.15513.json,0,0,0,0
campione_3_neutron_burst_thunderstorm\arxiv_2406.16159.json,0,0,0,0
campione_3_neutron_burst_thunderstorm\arxiv_2407.06311.json,0,0,0,0
campione_3_neutron_burst_thunderstorm\arxiv_2412.01906.json,0,0,0,0
campione_3_neutron_burst_thunderstorm\arxiv_2505.16269.json,0,0,0,0
campione_3_neutron_burst_thunderstorm\arxiv_2506.07941.json,0,0,0,0
campione_3_neutron_burst_thunderstorm\arxiv_2507.16250.json,1,0,0,0
campione_3_neutron_burst_thunderstorm\arxiv_2508.21533.json,0,0,0,0
campione_3_neutron_burst_thunderstorm\arxiv_2511.14561.json,0,0,0,0
campione_3_neutron_burst_thunderstorm\arxiv_2512.07859.json,0,0,1,0
campione_3_neutron_burst_thunderstorm\arxiv_2601.17234.json,0,0,0,0
campione_3_neutron_burst_thunderstorm\arxiv_2601.19289.json,0,0,0,0
campione_3_neutron_burst_thunderstorm\arxiv_2604.14385.json,0,0,0,0
campione_3_neutron_burst_thunderstorm\arxiv_2606.01792.json,0,0,0,0
campione_3_neutron_burst_thunderstorm\arxiv_2606.01855.json,0,0,0,0
campione_3_neutron_burst_thunderstorm\arxiv_2606.01870.json,0,0,0,0
campione_3_neutron_burst_thunderstorm\arxiv_2606.01894.json,0,0,0,0
campione_3_neutron_burst_thunderstorm\arxiv_2606.02032.json,0,0,0,0
campione_3_neutron_burst_thunderstorm\arxiv_2606.02190.json,0,0,0,0
campione_3_neutron_burst_thunderstorm\arxiv_2606.02266.json,0,0,0,0
campione_3_neutron_burst_thunderstorm\arxiv_2606.02527.json,0,0,0,0
campione_3_neutron_burst_thunderstorm\arxiv_2606.02690.json,0,0,0,0
campione_3_neutron_burst_thunderstorm\arxiv_2606.02691.json,0,0,0,0
campione_3_neutron_burst_thunderstorm\arxiv_2606.02700.json,0,0,0,0
campione_3_neutron_burst_thunderstorm\arxiv_2606.02828.json,0,0,1,0
campione_3_neutron_burst_thunderstorm\arxiv_2606.02923.json,0,0,0,0
campione_3_neutron_burst_thunderstorm\arxiv_2606.02932.json,0,0,1,0
campione_3_neutron_burst_thunderstorm\arxiv_2606.02966.json,0,0,1,0
campione_3_neutron_burst_thunderstorm\arxiv_2606.03174.json,0,0,0,0
campione_3_neutron_burst_thunderstorm\arxiv_2606.03316.json,0,0,0,0
campione_3_neutron_burst_thunderstorm\arxiv_2606.03440.json,1,0,1,0
campione_3_neutron_burst_thunderstorm\arxiv_2606.03525.json,0,0,0,0
campione_3_neutron_burst_thunderstorm\arxiv_2606.03586.json,0,0,1,0
campione_3_neutron_burst_thunderstorm\arxiv_2606.03596.json,0,0,0,0
campione_3_neutron_burst_thunderstorm\arxiv_2606.03633.json,0,0,0,0
campione_3_neutron_burst_thunderstorm\arxiv_2606.03707.json,0,0,0,0
campione_3_neutron_burst_thunderstorm\arxiv_2606.03720.json,0,0,0,0
campione_3_neutron_burst_thunderstorm\arxiv_2606.03760.json,0,0,1,0
campione_3_neutron_burst_thunderstorm\arxiv_2606.03844.json,0,0,0,0
campione_3_neutron_burst_thunderstorm\arxiv_2606.03881.json,0,0,1,0
campione_3_neutron_burst_thunderstorm\arxiv_2606.03933.json,0,0,0,0
campione_3_neutron_burst_thunderstorm\arxiv_2606.03993.json,0,0,0,0
campione_3_neutron_burst_thunderstorm\arxiv_2606.04033.json,0,0,0,0
campione_3_neutron_burst_thunderstorm\arxiv_2606.04140.json,1,0,0,0
campione_3_neutron_burst_thunderstorm\arxiv_2606.04216.json,0,0,0,0
campione_3_neutron_burst_thunderstorm\arxiv_2606.04232.json,0,0,0,0
campione_3_neutron_burst_thunderstorm\arxiv_2606.04304.json,0,0,0,0
campione_3_neutron_burst_thunderstorm\arxiv_2606.04491.json,0,0,0,0
campione_3_neutron_burst_thunderstorm\arxiv_2606.04567.json,0,0,1,0
campione_3_neutron_burst_thunderstorm\arxiv_2606.04585.json,0,0,0,0
campione_3_neutron_burst_thunderstorm\arxiv_2606.04606.json,0,0,0,0
campione_3_neutron_burst_thunderstorm\arxiv_2606.04664.json,0,0,0,0
campione_3_neutron_burst_thunderstorm\arxiv_2606.04810.json,0,0,1,0
campione_3_neutron_burst_thunderstorm\arxiv_2606.04894.json,0,0,0,0
campione_3_neutron_burst_thunderstorm\arxiv_2606.05007.json,0,0,0,0
campione_3_neutron_burst_thunderstorm\arxiv_2606.05082.json,0,0,1,0
campione_3_neutron_burst_thunderstorm\arxiv_2606.05146.json,0,0,1,0
campione_3_neutron_burst_thunderstorm\arxiv_2606.05154.json,0,0,0,0
campione_3_neutron_burst_thunderstorm\arxiv_2606.05310.json,0,0,0,0
campione_3_neutron_burst_thunderstorm\arxiv_2606.05322.json,0,0,0,0
campione_3_neutron_burst_thunderstorm\arxiv_2606.05469.json,0,0,0,0
campione_3_neutron_burst_thunderstorm\arxiv_2606.05618.json,0,0,0,0
campione_3_neutron_burst_thunderstorm\arxiv_2606.05643.json,0,0,1,1
campione_3_neutron_burst_thunderstorm\arxiv_2606.05910.json,1,0,1,0
campione_3_neutron_burst_thunderstorm\arxiv_2606.06213.json,0,0,0,0
campione_3_neutron_burst_thunderstorm\arxiv_2606.06279.json,0,0,0,0
campione_3_neutron_burst_thunderstorm\arxiv_2606.06305.json,0,0,0,0
campione_3_neutron_burst_thunderstorm\arxiv_2606.06319.json,0,0,0,0
campione_3_neutron_burst_thunderstorm\arxiv_2606.06371.json,0,0,1,0
campione_3_neutron_burst_thunderstorm\arxiv_2606.06376.json,0,0,1,0
campione_3_neutron_burst_thunderstorm\arxiv_2606.06378.json,0,0,1,0
campione_3_neutron_burst_thunderstorm\arxiv_2606.06430.json,0,0,0,0
campione_3_neutron_burst_thunderstorm\arxiv_2606.06580.json,0,0,0,0
campione_3_neutron_burst_thunderstorm\arxiv_2606.06628.json,0,0,0,0
campione_3_neutron_burst_thunderstorm\arxiv_2606.06678.json,1,0,0,0
campione_3_neutron_burst_thunderstorm\arxiv_2606.06706.json,0,0,1,0
campione_3_neutron_burst_thunderstorm\arxiv_2606.06963.json,0,0,0,0
campione_3_neutron_burst_thunderstorm\arxiv_2606.07087.json,0,0,0,0
campione_3_neutron_burst_thunderstorm\arxiv_2606.07137.json,0,0,0,0
campione_3_neutron_burst_thunderstorm\arxiv_2606.07147.json,0,0,0,0
campione_3_neutron_burst_thunderstorm\arxiv_2606.07339.json,0,0,0,0
campione_3_neutron_burst_thunderstorm\arxiv_2606.07371.json,0,0,0,0
campione_3_neutron_burst_thunderstorm\arxiv_2606.07465.json,0,0,1,0
campione_3_neutron_burst_thunderstorm\arxiv_2606.07675.json,0,0,0,0
campione_3_neutron_burst_thunderstorm\arxiv_2606.07679.json,0,0,0,0
campione_3_neutron_burst_thunderstorm\arxiv_2606.07694.json,0,0,0,0
campione_3_neutron_burst_thunderstorm\arxiv_2606.07731.json,0,0,1,0
campione_3_neutron_burst_thunderstorm\arxiv_2606.07742.json,0,0,1,0
campione_3_neutron_burst_thunderstorm\arxiv_2606.07754.json,0,0,0,0
campione_3_neutron_burst_thunderstorm\arxiv_2606.07827.json,0,0,0,0
campione_3_neutron_burst_thunderstorm\arxiv_2606.07905.json,0,0,2,0
campione_3_neutron_burst_thunderstorm\arxiv_2606.08023.json,0,0,1,0
campione_3_neutron_burst_thunderstorm\arxiv_2606.08250.json,0,0,1,0
campione_3_neutron_burst_thunderstorm\arxiv_2606.08487.json,0,0,0,0
campione_3_neutron_burst_thunderstorm\arxiv_2606.08522.json,0,0,1,0
campione_3_neutron_burst_thunderstorm\arxiv_2606.08598.json,0,0,0,0
campione_3_neutron_burst_thunderstorm\arxiv_2606.08628.json,0,0,1,0
campione_3_neutron_burst_thunderstorm\arxiv_2606.08752.json,0,0,0,0
campione_3_neutron_burst_thunderstorm\arxiv_2606.08899.json,0,0,0,0
campione_3_neutron_burst_thunderstorm\arxiv_2606.08968.json,0,0,1,0
campione_3_neutron_burst_thunderstorm\arxiv_2606.09229.json,0,0,0,0
campione_3_neutron_burst_thunderstorm\arxiv_2606.09247.json,0,0,1,0
campione_3_neutron_burst_thunderstorm\arxiv_2606.09341.json,0,0,0,0
campione_3_neutron_burst_thunderstorm\arxiv_2606.09352.json,0,0,0,0
campione_3_neutron_burst_thunderstorm\arxiv_2606.09417.json,0,0,0,0
campione_3_neutron_burst_thunderstorm\arxiv_2606.09481.json,1,0,0,0
campione_3_neutron_burst_thunderstorm\arxiv_2606.09490.json,0,0,1,0
campione_3_neutron_burst_thunderstorm\arxiv_2606.09579.json,0,0,0,0
campione_3_neutron_burst_thunderstorm\arxiv_2606.09621.json,0,0,1,0
campione_3_neutron_burst_thunderstorm\arxiv_2606.09628.json,0,0,0,0
campione_3_neutron_burst_thunderstorm\arxiv_2606.09656.json,0,0,0,0
campione_3_neutron_burst_thunderstorm\arxiv_2606.09786.json,0,0,1,0
campione_3_neutron_burst_thunderstorm\arxiv_2606.09823.json,0,0,0,0
campione_3_neutron_burst_thunderstorm\nasa_ads_11884451.json,1,0,0,0
campione_3_neutron_burst_thunderstorm\nasa_ads_12314313.json,0,0,5,0
campione_3_neutron_burst_thunderstorm\nasa_ads_1316022.json,0,0,1,0
campione_3_neutron_burst_thunderstorm\nasa_ads_1856450.json,0,0,4,0
campione_3_neutron_burst_thunderstorm\nasa_ads_19253060.json,0,0,4,0
campione_3_neutron_burst_thunderstorm\nasa_ads_1954349.json,0,0,2,0
campione_3_neutron_burst_thunderstorm\nasa_ads_19950371.json,0,0,4,1
campione_3_neutron_burst_thunderstorm\nasa_ads_2125431.json,0,7,3,0
campione_3_neutron_burst_thunderstorm\nasa_ads_2148440.json,0,0,2,0
campione_3_neutron_burst_thunderstorm\nasa_ads_216736.json,0,0,3,0
campione_3_neutron_burst_thunderstorm\nasa_ads_2650798.json,0,6,3,0
campione_3_neutron_burst_thunderstorm\nasa_ads_344270.json,6,4,3,0
campione_3_neutron_burst_thunderstorm\nasa_ads_395891.json,2,0,3,0
campione_3_neutron_burst_thunderstorm\nasa_ads_7078398.json,0,0,5,0
campione_3_neutron_burst_thunderstorm\nasa_ads_9484693.json,0,0,5,0
campione_3_neutron_burst_thunderstorm\source_noaa_opendata_fallback_0.json,1,3,2,1
campione_3_neutron_burst_thunderstorm\source_noaa_opendata_fallback_1.json,1,3,5,0
campione_3_neutron_burst_thunderstorm\source_noaa_opendata_fallback_2.json,3,0,7,2
campione_3_neutron_burst_thunderstorm\source_openaire_fallback_0.json,1,3,5,0
campione_3_neutron_burst_thunderstorm\source_openaire_fallback_1.json,1,3,5,0
campione_3_neutron_burst_thunderstorm\source_openaire_fallback_2.json,1,2,5,2
campione_3_neutron_burst_thunderstorm\zenodo_10776943_ITO_profile_1_reduced_source_sigma_1e-11.json,0,0,0,0
campione_3_neutron_burst_thunderstorm\zenodo_10776943_ITO_profile_1_reduced_source_sigma_1e-13.json,0,0,0,0
campione_3_neutron_burst_thunderstorm\zenodo_10776943_ITO_profile_1_sigma_1e-11.json,0,0,0,0
campione_3_neutron_burst_thunderstorm\zenodo_10776943_ITO_profile_1_sigma_1e-13.json,0,0,0,0
campione_3_neutron_burst_thunderstorm\zenodo_10776943_ITO_profile_2_reduced_source_sigma_1e-11.json,0,0,0,0
campione_3_neutron_burst_thunderstorm\zenodo_10776943_ITO_profile_2_reduced_source_sigma_1e-13.json,0,0,0,0
campione_3_neutron_burst_thunderstorm\zenodo_10776943_ITO_profile_2_sigma_1e-11.json,0,0,0,0
campione_3_neutron_burst_thunderstorm\zenodo_10776943_ITO_profile_2_sigma_1e-13.json,0,0,0,0
campione_3_neutron_burst_thunderstorm\zenodo_10776943_ITO_profile_3_reduced_source_sigma_1e-11.json,0,0,0,0
campione_3_neutron_burst_thunderstorm\zenodo_10776943_ITO_profile_3_reduced_source_sigma_1e-13.json,0,0,0,0
campione_3_neutron_burst_thunderstorm\zenodo_10776943_ITO_profile_3_sigma_1e-11.json,0,0,0,0
campione_3_neutron_burst_thunderstorm\zenodo_10776943_ITO_profile_3_sigma_1e-13.json,0,0,0,0
campione_3_neutron_burst_thunderstorm\zenodo_10776943_ITO_profile_4_reduced_source_sigma_1e-11.json,0,0,0,0
campione_3_neutron_burst_thunderstorm\zenodo_10776943_ITO_profile_4_reduced_source_sigma_1e-13.json,0,0,0,0
campione_3_neutron_burst_thunderstorm\zenodo_10776943_ITO_profile_4_sigma_1e-11.json,0,0,0,0
campione_3_neutron_burst_thunderstorm\zenodo_10776943_ITO_profile_4_sigma_1e-13.json,0,0,0,0
campione_3_neutron_burst_thunderstorm\zenodo_10776943_README.json,0,0,0,0
campione_3_neutron_burst_thunderstorm\zenodo_5513798_TBO Confirmed Source Library.json,0,0,0,0
campione_4_atmospheric_plasma_discharge\arxiv_1802.06605.json,0,0,0,0
campione_4_atmospheric_plasma_discharge\arxiv_1805.04721.json,0,1,0,0
campione_4_atmospheric_plasma_discharge\arxiv_1805.10504.json,0,0,0,0
campione_4_atmospheric_plasma_discharge\arxiv_1808.08865.json,0,0,0,0
campione_4_atmospheric_plasma_discharge\arxiv_1809.04181.json,0,0,0,0
campione_4_atmospheric_plasma_discharge\arxiv_1810.02778.json,0,0,0,0
campione_4_atmospheric_plasma_discharge\arxiv_1810.03853.json,0,1,1,0
campione_4_atmospheric_plasma_discharge\arxiv_1810.03959.json,0,0,0,0
campione_4_atmospheric_plasma_discharge\arxiv_1812.07831.json,0,0,0,0
campione_4_atmospheric_plasma_discharge\arxiv_1812.08535.json,0,0,0,0
campione_4_atmospheric_plasma_discharge\arxiv_1903.01492.json,1,0,0,0
campione_4_atmospheric_plasma_discharge\arxiv_1903.03131.json,0,0,0,0
campione_4_atmospheric_plasma_discharge\arxiv_1906.05048.json,0,0,0,0
campione_4_atmospheric_plasma_discharge\arxiv_1906.10452.json,0,0,1,0
campione_4_atmospheric_plasma_discharge\arxiv_1908.02730.json,0,0,0,0
campione_4_atmospheric_plasma_discharge\arxiv_1911.08309.json,0,0,0,0
campione_4_atmospheric_plasma_discharge\arxiv_1912.07881.json,0,0,0,0
campione_4_atmospheric_plasma_discharge\arxiv_2004.09758.json,0,0,0,1
campione_4_atmospheric_plasma_discharge\arxiv_2007.06079.json,0,0,0,0
campione_4_atmospheric_plasma_discharge\arxiv_2009.07307.json,0,0,2,0
campione_4_atmospheric_plasma_discharge\arxiv_2009.08108.json,0,0,0,0
campione_4_atmospheric_plasma_discharge\arxiv_2012.01376.json,0,0,0,0
campione_4_atmospheric_plasma_discharge\arxiv_2012.07193.json,0,0,1,0
campione_4_atmospheric_plasma_discharge\arxiv_2105.13519.json,0,0,0,0
campione_4_atmospheric_plasma_discharge\arxiv_2108.02020.json,0,0,0,0
campione_4_atmospheric_plasma_discharge\arxiv_2108.13900.json,0,0,0,0
campione_4_atmospheric_plasma_discharge\arxiv_2201.10134.json,0,0,2,0
campione_4_atmospheric_plasma_discharge\arxiv_2203.00535.json,0,0,0,0
campione_4_atmospheric_plasma_discharge\arxiv_2206.12299.json,0,0,0,0
campione_4_atmospheric_plasma_discharge\arxiv_2210.07687.json,0,0,0,0
campione_4_atmospheric_plasma_discharge\arxiv_2211.00025.json,0,0,0,0
campione_4_atmospheric_plasma_discharge\arxiv_2211.04626.json,0,0,1,0
campione_4_atmospheric_plasma_discharge\arxiv_2211.09688.json,0,0,1,0
campione_4_atmospheric_plasma_discharge\arxiv_2306.04036.json,0,0,0,0
campione_4_atmospheric_plasma_discharge\arxiv_2308.12812.json,0,0,0,0
campione_4_atmospheric_plasma_discharge\arxiv_2308.15240.json,0,0,0,0
campione_4_atmospheric_plasma_discharge\arxiv_2310.15490.json,0,0,0,0
campione_4_atmospheric_plasma_discharge\arxiv_2403.15513.json,0,0,0,0
campione_4_atmospheric_plasma_discharge\arxiv_2406.16159.json,0,0,0,0
campione_4_atmospheric_plasma_discharge\arxiv_2407.06311.json,0,0,0,0
campione_4_atmospheric_plasma_discharge\arxiv_2412.01906.json,0,0,0,0
campione_4_atmospheric_plasma_discharge\arxiv_2505.16269.json,0,0,0,0
campione_4_atmospheric_plasma_discharge\arxiv_2506.07941.json,0,0,0,0
campione_4_atmospheric_plasma_discharge\arxiv_2507.16250.json,1,0,0,0
campione_4_atmospheric_plasma_discharge\arxiv_2508.21533.json,0,0,0,0
campione_4_atmospheric_plasma_discharge\arxiv_2511.14561.json,0,0,0,0
campione_4_atmospheric_plasma_discharge\arxiv_2512.07859.json,0,0,1,0
campione_4_atmospheric_plasma_discharge\arxiv_2601.17234.json,0,0,0,0
campione_4_atmospheric_plasma_discharge\arxiv_2601.19289.json,0,0,0,0
campione_4_atmospheric_plasma_discharge\arxiv_2604.14385.json,0,0,0,0
campione_4_atmospheric_plasma_discharge\arxiv_2606.04932.json,0,0,0,1
campione_4_atmospheric_plasma_discharge\arxiv_2606.04979.json,0,0,0,0
campione_4_atmospheric_plasma_discharge\arxiv_2606.05024.json,0,0,0,0
campione_4_atmospheric_plasma_discharge\arxiv_2606.05286.json,0,0,0,0
campione_4_atmospheric_plasma_discharge\arxiv_2606.05318.json,0,0,0,0
campione_4_atmospheric_plasma_discharge\arxiv_2606.05325.json,0,0,0,0
campione_4_atmospheric_plasma_discharge\arxiv_2606.05341.json,0,0,0,0
campione_4_atmospheric_plasma_discharge\arxiv_2606.05364.json,0,0,0,0
campione_4_atmospheric_plasma_discharge\arxiv_2606.05400.json,0,0,0,0
campione_4_atmospheric_plasma_discharge\arxiv_2606.05446.json,0,0,0,0
campione_4_atmospheric_plasma_discharge\arxiv_2606.05451.json,0,0,0,0
campione_4_atmospheric_plasma_discharge\arxiv_2606.05732.json,0,0,0,0
campione_4_atmospheric_plasma_discharge\arxiv_2606.05842.json,0,0,0,0
campione_4_atmospheric_plasma_discharge\arxiv_2606.05893.json,0,0,0,0
campione_4_atmospheric_plasma_discharge\arxiv_2606.05934.json,0,0,0,0
campione_4_atmospheric_plasma_discharge\arxiv_2606.05948.json,0,0,1,0
campione_4_atmospheric_plasma_discharge\arxiv_2606.05970.json,0,1,0,0
campione_4_atmospheric_plasma_discharge\arxiv_2606.06006.json,0,0,0,0
campione_4_atmospheric_plasma_discharge\arxiv_2606.06016.json,0,0,0,0
campione_4_atmospheric_plasma_discharge\arxiv_2606.06082.json,0,0,0,0
campione_4_atmospheric_plasma_discharge\arxiv_2606.06101.json,0,0,0,0
campione_4_atmospheric_plasma_discharge\arxiv_2606.06195.json,0,0,0,0
campione_4_atmospheric_plasma_discharge\arxiv_2606.06210.json,0,0,0,0
campione_4_atmospheric_plasma_discharge\arxiv_2606.06232.json,0,0,0,0
campione_4_atmospheric_plasma_discharge\arxiv_2606.06269.json,0,0,0,0
campione_4_atmospheric_plasma_discharge\arxiv_2606.06283.json,0,0,0,0
campione_4_atmospheric_plasma_discharge\arxiv_2606.06340.json,1,0,0,0
campione_4_atmospheric_plasma_discharge\arxiv_2606.06408.json,0,0,0,0
campione_4_atmospheric_plasma_discharge\arxiv_2606.06433.json,0,0,0,0
campione_4_atmospheric_plasma_discharge\arxiv_2606.06577.json,1,0,0,0
campione_4_atmospheric_plasma_discharge\arxiv_2606.06608.json,0,0,0,0
campione_4_atmospheric_plasma_discharge\arxiv_2606.06620.json,0,0,0,0
campione_4_atmospheric_plasma_discharge\arxiv_2606.06649.json,1,0,0,0
campione_4_atmospheric_plasma_discharge\arxiv_2606.06691.json,0,0,1,0
campione_4_atmospheric_plasma_discharge\arxiv_2606.06706.json,0,0,1,0
campione_4_atmospheric_plasma_discharge\arxiv_2606.06773.json,0,0,0,0
campione_4_atmospheric_plasma_discharge\arxiv_2606.06789.json,0,0,0,0
campione_4_atmospheric_plasma_discharge\arxiv_2606.06844.json,1,0,0,0
campione_4_atmospheric_plasma_discharge\arxiv_2606.06862.json,0,0,0,0
campione_4_atmospheric_plasma_discharge\arxiv_2606.06868.json,0,0,0,0
campione_4_atmospheric_plasma_discharge\arxiv_2606.06886.json,0,0,0,0
campione_4_atmospheric_plasma_discharge\arxiv_2606.06973.json,0,0,0,0
campione_4_atmospheric_plasma_discharge\arxiv_2606.07144.json,0,0,0,0
campione_4_atmospheric_plasma_discharge\arxiv_2606.07147.json,0,0,0,0
campione_4_atmospheric_plasma_discharge\arxiv_2606.07201.json,1,0,0,0
campione_4_atmospheric_plasma_discharge\arxiv_2606.07209.json,0,0,0,0
campione_4_atmospheric_plasma_discharge\arxiv_2606.07294.json,0,0,0,0
campione_4_atmospheric_plasma_discharge\arxiv_2606.07416.json,0,0,0,0
campione_4_atmospheric_plasma_discharge\arxiv_2606.07497.json,0,0,0,0
campione_4_atmospheric_plasma_discharge\arxiv_2606.07511.json,0,0,0,0
campione_4_atmospheric_plasma_discharge\arxiv_2606.07697.json,0,0,0,0
campione_4_atmospheric_plasma_discharge\arxiv_2606.07733.json,0,0,0,0
campione_4_atmospheric_plasma_discharge\arxiv_2606.07744.json,0,0,0,0
campione_4_atmospheric_plasma_discharge\arxiv_2606.07755.json,0,0,0,0
campione_4_atmospheric_plasma_discharge\arxiv_2606.07838.json,0,0,0,0
campione_4_atmospheric_plasma_discharge\arxiv_2606.07886.json,0,0,0,0
campione_4_atmospheric_plasma_discharge\arxiv_2606.07922.json,0,0,0,0
campione_4_atmospheric_plasma_discharge\arxiv_2606.07928.json,0,0,0,0
campione_4_atmospheric_plasma_discharge\arxiv_2606.07966.json,0,0,0,0
campione_4_atmospheric_plasma_discharge\arxiv_2606.07989.json,0,0,0,0
campione_4_atmospheric_plasma_discharge\arxiv_2606.08045.json,0,0,0,0
campione_4_atmospheric_plasma_discharge\arxiv_2606.08070.json,0,0,0,0
campione_4_atmospheric_plasma_discharge\arxiv_2606.08139.json,2,0,0,0
campione_4_atmospheric_plasma_discharge\arxiv_2606.08324.json,0,0,0,0
campione_4_atmospheric_plasma_discharge\arxiv_2606.08331.json,0,0,0,0
campione_4_atmospheric_plasma_discharge\arxiv_2606.08462.json,0,0,0,0
campione_4_atmospheric_plasma_discharge\arxiv_2606.08518.json,0,0,0,0
campione_4_atmospheric_plasma_discharge\arxiv_2606.08563.json,0,0,0,0
campione_4_atmospheric_plasma_discharge\arxiv_2606.08622.json,0,0,1,0
campione_4_atmospheric_plasma_discharge\arxiv_2606.08623.json,0,0,0,0
campione_4_atmospheric_plasma_discharge\arxiv_2606.08759.json,0,0,0,0
campione_4_atmospheric_plasma_discharge\arxiv_2606.08773.json,0,0,0,0
campione_4_atmospheric_plasma_discharge\arxiv_2606.08827.json,0,0,0,0
campione_4_atmospheric_plasma_discharge\arxiv_2606.08859.json,0,0,0,0
campione_4_atmospheric_plasma_discharge\arxiv_2606.08942.json,0,0,0,0
campione_4_atmospheric_plasma_discharge\arxiv_2606.09116.json,0,0,0,0
campione_4_atmospheric_plasma_discharge\arxiv_2606.09168.json,3,0,0,0
campione_4_atmospheric_plasma_discharge\arxiv_2606.09217.json,0,0,0,0
campione_4_atmospheric_plasma_discharge\arxiv_2606.09247.json,0,0,1,0
campione_4_atmospheric_plasma_discharge\arxiv_2606.09313.json,0,0,0,0
campione_4_atmospheric_plasma_discharge\arxiv_2606.09352.json,0,0,0,0
campione_4_atmospheric_plasma_discharge\arxiv_2606.09359.json,0,0,0,0
campione_4_atmospheric_plasma_discharge\arxiv_2606.09364.json,0,0,0,0
campione_4_atmospheric_plasma_discharge\arxiv_2606.09369.json,0,0,0,0
campione_4_atmospheric_plasma_discharge\arxiv_2606.09391.json,0,0,0,0
campione_4_atmospheric_plasma_discharge\arxiv_2606.09417.json,0,0,0,0
campione_4_atmospheric_plasma_discharge\arxiv_2606.09487.json,0,0,0,0
campione_4_atmospheric_plasma_discharge\arxiv_2606.09489.json,0,0,0,0
campione_4_atmospheric_plasma_discharge\arxiv_2606.09490.json,0,0,1,0
campione_4_atmospheric_plasma_discharge\arxiv_2606.09493.json,1,0,0,0
campione_4_atmospheric_plasma_discharge\arxiv_2606.09561.json,0,0,0,0
campione_4_atmospheric_plasma_discharge\arxiv_2606.09562.json,0,0,0,0
campione_4_atmospheric_plasma_discharge\arxiv_2606.09626.json,0,0,0,0
campione_4_atmospheric_plasma_discharge\arxiv_2606.09627.json,0,0,0,0
campione_4_atmospheric_plasma_discharge\arxiv_2606.09714.json,0,0,0,0
campione_4_atmospheric_plasma_discharge\arxiv_2606.09745.json,0,0,0,0
campione_4_atmospheric_plasma_discharge\arxiv_2606.09750.json,0,0,0,0
campione_4_atmospheric_plasma_discharge\arxiv_2606.09760.json,0,0,0,0
campione_4_atmospheric_plasma_discharge\arxiv_2606.09771.json,0,0,0,0
campione_4_atmospheric_plasma_discharge\arxiv_2606.09793.json,0,0,0,0
campione_4_atmospheric_plasma_discharge\figshare_31645765.json,0,3,0,0
campione_4_atmospheric_plasma_discharge\figshare_31670629.json,0,4,0,0
campione_4_atmospheric_plasma_discharge\figshare_31671484.json,0,0,0,0
campione_4_atmospheric_plasma_discharge\figshare_31673341.json,0,0,0,0
campione_4_atmospheric_plasma_discharge\figshare_31968378.json,1,1,0,0
campione_4_atmospheric_plasma_discharge\figshare_32319702.json,0,1,0,0
campione_4_atmospheric_plasma_discharge\figshare_32427936.json,0,1,0,1
campione_4_atmospheric_plasma_discharge\figshare_32437263.json,0,3,0,0
campione_4_atmospheric_plasma_discharge\figshare_32438580.json,0,0,0,0
campione_4_atmospheric_plasma_discharge\figshare_32439879.json,0,3,0,0
campione_4_atmospheric_plasma_discharge\figshare_32450178.json,0,3,0,0
campione_4_atmospheric_plasma_discharge\figshare_32462076.json,0,0,0,0
campione_4_atmospheric_plasma_discharge\figshare_32477556.json,0,0,0,0
campione_4_atmospheric_plasma_discharge\figshare_32479140.json,0,0,0,0
campione_4_atmospheric_plasma_discharge\figshare_32498331.json,0,1,0,0
campione_4_atmospheric_plasma_discharge\figshare_32501025.json,0,1,0,0
campione_4_atmospheric_plasma_discharge\figshare_32541171.json,0,0,0,0
campione_4_atmospheric_plasma_discharge\figshare_32541671.json,0,0,0,0
campione_4_atmospheric_plasma_discharge\figshare_32541674.json,0,0,0,0
campione_4_atmospheric_plasma_discharge\figshare_32598984.json,0,0,0,0
campione_4_atmospheric_plasma_discharge\nasa_ads_1426633.json,2,3,0,0
campione_4_atmospheric_plasma_discharge\nasa_ads_15768496.json,0,1,0,0
campione_4_atmospheric_plasma_discharge\nasa_ads_18888970.json,0,0,0,0
campione_4_atmospheric_plasma_discharge\nasa_ads_26733757.json,0,0,0,0
campione_4_atmospheric_plasma_discharge\nasa_ads_26981518.json,0,0,0,0
campione_4_atmospheric_plasma_discharge\nasa_ads_27707475.json,0,0,0,0
campione_4_atmospheric_plasma_discharge\nasa_ads_29322026.json,1,1,0,0
campione_4_atmospheric_plasma_discharge\nasa_ads_29324342.json,1,1,0,0
campione_4_atmospheric_plasma_discharge\nasa_ads_3220858.json,1,2,0,0
campione_4_atmospheric_plasma_discharge\nasa_ads_5836771.json,0,0,0,0
campione_4_atmospheric_plasma_discharge\nasa_ads_6334572.json,0,2,0,0
campione_4_atmospheric_plasma_discharge\nasa_ads_7388260.json,0,0,2,0
campione_4_atmospheric_plasma_discharge\nasa_ads_7625415.json,0,0,0,0
campione_4_atmospheric_plasma_discharge\nasa_ads_7675030.json,0,0,0,0
campione_4_atmospheric_plasma_discharge\nasa_ads_8522389.json,0,0,0,0
campione_4_atmospheric_plasma_discharge\source_noaa_opendata_fallback_0.json,3,1,4,1
campione_4_atmospheric_plasma_discharge\source_noaa_opendata_fallback_1.json,3,1,4,1
campione_4_atmospheric_plasma_discharge\source_noaa_opendata_fallback_2.json,1,0,5,2
campione_4_atmospheric_plasma_discharge\source_openaire_fallback_0.json,0,2,3,1
campione_4_atmospheric_plasma_discharge\source_openaire_fallback_1.json,1,1,5,0
campione_4_atmospheric_plasma_discharge\source_openaire_fallback_2.json,1,3,0,1
